{
    "widgetBindings": [
        {
            "widgetId": "image",
            "serverBindName": "widget.program.limiteLux",
            "propertyName": "nonvisible"
        },
        {
            "widgetId": "image_1",
            "serverBindName": "widget.program.limiteLux",
            "propertyName": "visible"
        },
        {
            "widgetId": "thermometer",
            "serverBindName": "widget.program.T_act",
            "propertyName": "value"
        },
        {
            "widgetId": "gauge",
            "serverBindName": "widget.program.H_act",
            "propertyName": "value"
        },
        {
            "widgetId": "textbox_2",
            "serverBindName": "widget.program.lux",
            "propertyName": "value"
        },
        {
            "widgetId": "analoggauge",
            "serverBindName": "widget.program.P_act",
            "propertyName": "value"
        },
        {
            "widgetId": "scalargraph",
            "serverBindName": "widget.program.lux",
            "propertyName": "value_0"
        },
        {
            "widgetId": "scalargraph",
            "serverBindName": "widget.program.ticks",
            "propertyName": "tickPeriod"
        }
    ]
}