{
    "widgetBindings": [
        {
            "widgetId": "compass",
            "serverBindName": "widget.program.brujula",
            "propertyName": "value"
        },
        {
            "widgetId": "image_2",
            "serverBindName": "widget.program.l0",
            "propertyName": "nonvisible"
        },
        {
            "widgetId": "image_6",
            "serverBindName": "widget.program.l0",
            "propertyName": "visible"
        },
        {
            "widgetId": "button",
            "serverBindName": "widget.program.l0",
            "propertyName": "checked"
        },
        {
            "widgetId": "image_3",
            "serverBindName": "widget.program.l1",
            "propertyName": "nonvisible"
        },
        {
            "widgetId": "image_7",
            "serverBindName": "widget.program.l1",
            "propertyName": "visible"
        },
        {
            "widgetId": "button_1",
            "serverBindName": "widget.program.l1",
            "propertyName": "checked"
        },
        {
            "widgetId": "attitudedisplay",
            "serverBindName": "widget.program.oriX",
            "propertyName": "rotation"
        },
        {
            "widgetId": "attitudedisplay",
            "serverBindName": "widget.program.oriY",
            "propertyName": "tilt"
        },
        {
            "widgetId": "jogwheel",
            "serverBindName": "widget.program.angulo",
            "propertyName": "value"
        },
        {
            "widgetId": "image_4",
            "serverBindName": "widget.program.l2",
            "propertyName": "nonvisible"
        },
        {
            "widgetId": "image_8",
            "serverBindName": "widget.program.l2",
            "propertyName": "visible"
        },
        {
            "widgetId": "button_2",
            "serverBindName": "widget.program.l2",
            "propertyName": "checked"
        },
        {
            "widgetId": "button_3",
            "serverBindName": "widget.program.l3",
            "propertyName": "checked"
        },
        {
            "widgetId": "image_5",
            "serverBindName": "widget.program.l3",
            "propertyName": "nonvisible"
        },
        {
            "widgetId": "image_9",
            "serverBindName": "widget.program.l3",
            "propertyName": "visible"
        }
    ]
}